topic word 1,topic word 2,topic word 3,topic word 4,topic word 5,topic word 6,topic word 7,topic word 8,topic word 9,topic word 10,topic word 11,topic word 12,topic word 13,topic word 14,topic word 15,topic word 16,topic word 17,topic word 18,topic word 19,topic word 20
大力发展,多层次,胡中明,自然保护区,评价,近代,第三号,研发,承受能力,北川,妥善安置,夺取,中心,爱国统一战线,共产主义,抓好,政协,指引,振兴,永别
建国,刘伟,司马义,何平,雷鸣,王秀斌,冯飞,艾力,李建榕,刘仲华,王凯,东海,李斌,景俊海,韩俊,许嘉璐,徐起,建华,王家瑞,施小琳
明确要求,张政,公益性,乡村,体制,恪尽职守,养殖,一九五六年,公园,培元,轮船,我们,英雄事迹,动能,承诺,高润霖,必将,发达国家,松劲,国家
道路,青海,黑色,党旗,很旺,领悟,看到,乡亲们,希望,作成,相对,中心,存在,苏联,毛伟明,彭珮云,生命,行业,幸福,环节
坚决拥护,巨大,竺延风,武汉,全党全国,文章,陈肇雄,时许,艺术,黑纱,我党我军,政权,桑国卫,汇聚,农村,自治县,符合,第三号,黄旭聪,四清
生命线,职工收入,现任,为民,长远性,吃水,第十六次,名将,露天,构筑,以邻,一体,积极因素,坚强,较长,怎么样,所有制,挑战,动能,系列
防控,疫情,大家,春节,连线,视频,老年人,医疗,患者,习近平,确保,保供,重症,福利院,身体健康,救治,新春,群众,怎么样,今年
张平,中管,批准,源头,绵阳市,吉林,台湾同胞,坚韧,重建,粮仓,西方,一种,朱永新,张德江,贺一诚,理论,也好,元首,了不起,琼州海峡
指导意义,李斌,休闲,李殿,供给,克拉,先后,枢纽,马飚,多次,竺延风,有着,努力奋斗,旅途,聚居,论断,学校,求效益,传统,党政干部
江泽民,发展,习近平,中国,建设,同志,社会主义,全面,坚持,人民,推进,大会,现代化,特色,时代,中亚,我们,伟大,工作,国家
